fold,config,best_iteration,mae,rmse,wape_pct,median_ae,p95_ae,depth,learning_rate,l2_leaf_reg,random_strength
August,baseline,570,83.08023876784159,613.5615702152468,3.552855224678847,22.30556690375124,112.99792383932254,8,0.04,5.0,1.0
August,shallow_regularized,692,82.99886743145454,613.5136100592977,3.5493754492002316,22.427361922552564,114.01129345268664,7,0.05,10.0,0.5
August,deep_slow,422,83.93364863860421,614.1771683259715,3.5893505665688017,22.57972458220297,115.67400857350822,9,0.03,8.0,0.5
August,strong_regularization,602,82.64681654757516,613.3417570037572,3.5343202948013754,22.65029331401729,112.56187302336123,8,0.03,15.0,0.2
September,baseline,636,113.63739993508264,619.3054357481888,4.72234986449973,40.49134611964598,227.94334109084315,8,0.04,5.0,1.0
September,shallow_regularized,818,112.67909040222742,618.9573347484932,4.682526066214897,40.73340455541455,222.3691160515304,7,0.05,10.0,0.5
September,deep_slow,516,113.68954728814742,619.0039918585868,4.724516915539442,41.07261585053004,231.81790290215187,9,0.03,8.0,0.5
September,strong_regularization,963,113.81859587699205,619.1986698490286,4.729879697391126,41.045783070474386,230.29785106096776,8,0.03,15.0,0.2
October,baseline,534,100.78098437155633,646.2629934611803,4.236183608966923,27.430716653962463,141.67160449140664,8,0.04,5.0,1.0
October,shallow_regularized,269,100.76738700780261,645.876433067228,4.235612063354247,27.53688874373097,143.8272883683585,7,0.05,10.0,0.5
October,deep_slow,653,100.73308526611433,645.8180118967884,4.23417023901799,27.868954799376183,141.29060191754235,9,0.03,8.0,0.5
October,strong_regularization,1459,101.23290175804763,646.1151112395355,4.255179305796036,27.669035452814114,144.17967171305574,8,0.03,15.0,0.2
