fold,transformed_weight,raw_weight,mae,rmse,wape_pct,median_ae,p95_ae
August,1.0,0.0,82.99886743145454,613.5136100592977,3.5493754492002316,22.427361922552564,114.01129345268664
August,0.9,0.09999999999999998,82.92106904514863,613.5464546671135,3.5460484678704005,22.289442179933758,113.22106918125036
August,0.75,0.25,83.09122913755934,613.632412953659,3.5533252184228696,22.69012154590746,112.54072836658837
August,0.5,0.5,84.05708065625574,613.8734689137415,3.5946290310425413,23.838367905794712,115.28330782364223
September,1.0,0.0,112.67909040222742,618.9573347484932,4.682526066214897,40.73340455541455,222.3691160515304
September,0.9,0.09999999999999998,112.22687191600454,618.812303339254,4.663733539209185,40.640816100705365,222.52214708427485
September,0.75,0.25,111.87999492535658,618.6491986616859,4.649318614978957,39.76149903101657,221.2053969359899
September,0.5,0.5,112.33826717766945,618.522652197049,4.668362714103452,40.597140240358726,218.39064936954588
October,1.0,0.0,100.76738700780261,645.876433067228,4.235612063354247,27.53688874373097,143.8272883683585
October,0.9,0.09999999999999998,100.53410571319915,645.8552600829526,4.225806419932128,27.055622962577672,143.15297888501576
October,0.75,0.25,100.50664560870909,645.8554971463076,4.224652173967309,27.112941440021586,141.91196877687986
October,0.5,0.5,101.13446671198713,645.9412120270573,4.251041730327115,27.807486582933507,143.0626217995067
