fold,target_mode,mae,rmse,wape_pct,median_ae,p95_ae
August,raw_rate,88.3317194182397,614.7216918105934,3.7774302950298573,27.415254070413084,126.90759582477597
August,log_rate,88.46869952560644,615.055616463689,3.7832881319517626,26.86998744580751,128.51042862997338
August,rate_per_mile,83.68097646824944,613.9919526116018,3.5785452577024603,21.91024192105101,113.99289795994676
August,log_rate_per_mile,83.08023876784159,613.5615702152468,3.552855224678847,22.30556690375124,112.99792383932254
September,raw_rate,115.35692748310817,618.8146138902474,4.793807066864979,42.84118197690236,225.18523436332222
September,log_rate,133.9671234584029,627.6849247199793,5.567177950856093,45.772234214146465,313.5785909562249
September,rate_per_mile,113.84441420646391,619.4214997018738,4.730952611631971,41.111137669903655,228.81098068475205
September,log_rate_per_mile,113.79274291253593,619.6509517464549,4.728805343848489,41.42483817084849,228.64242822301702
October,raw_rate,104.77433903754294,646.4323717079824,4.40403852412112,31.694427078243734,150.31500420703486
October,log_rate,103.28092665369196,646.3033956613239,4.34126508425697,29.509255296373453,150.80513018670788
October,rate_per_mile,101.1632238077794,646.6657705888163,4.25225049345437,27.87968546856473,142.23083295270902
October,log_rate_per_mile,100.78098437155633,646.2629934611803,4.236183608966923,27.430716653962463,141.67160449140664
