feature,importance
distance_log,38.2635982731819
distance,27.88029876140147
geo_distance_proxy,14.626806133304994
lon_delta,3.5701727943403494
equipment,3.48039809796224
delivery_lon,2.4383934406720402
weight_per_mile,1.4815925720899077
pickup_lon,1.2186418074579435
pickup_lat,1.0123097103111376
lat_delta,0.9343107074996012
weight,0.9236619400776647
delivery_lat,0.7853570970853939
market_index,0.6442819965386998
weight_log,0.4057625023759481
doy_cos,0.3855913390331689
pickup,0.29745602825720735
month_cos,0.2415454919770223
day_of_year,0.22530620978542645
week_of_year,0.2226176724860378
delivery,0.20838673676269906
day,0.1939185185781098
doy_sin,0.15708316497713792
month,0.14994965908590926
month_sin,0.06243348925180598
lane,0.053641725377347876
market_index_missing,0.03996818995864552
dow_cos,0.02799214742004023
dow_sin,0.026003238164167067
weight_was_negative,0.0187907299324507
day_of_week,0.018136730326253757
weight_missing,0.005593094327312843
year,0.0
